GEO.id,GEO.id2,GEO.display-label,GEO.annotation.id,NAICS.id,NAICS.display-label,NAICS.annotation.id,YEAR.id,EMP,EMP_S,PAYANN,EMPAVPW,PAYANPW,HOURS,CSTMTOT,RCPTOT,VALADD,VALADD_S,CEXTOT,CEXTOT_S
Geographic identifier code,Id2,Geographic area name,Id,2007 NAICS codes and NAICS-based rollup code,Meaning of 2007 NAICS codes and NAICS-based rollup code,Id,Year,Number of paid employees for pay period including March 12,Relative standard error of total number of employees (%),"Annual payroll ($1,000)",Production workers avg per year,"Production workers wages ($1,000)","Production workers hours (1,000)","Total cost of materials ($1,000)","Total value of shipments ($1,000)","Value added ($1,000)",Relative standard error of value added (%),"Total capital expenditures (new and used) ($1,000)",Relative standard error of total capital expenditures (new and used) (%)
0100000US,,United States,,31-33,Manufacturing,,2011,10649378,1,559517837,7440140,313709882,14866954,3240477063,5498599159,2295219634,1,146651647,1
0100000US,,United States,,31-33,Manufacturing,,2010,10507146,1,538456595,7289354,299613996,14550473,2782192359,4905446064,2160731149,1,127639000,1
0100000US,,United States,,311,Food manufacturing,,2011,1358996,1,52828340,1072841,36089009,2172236,448203618,710365597,264500763,1,15850621,1
0100000US,,United States,,311,Food manufacturing,,2010,1363773,1,52383998,1076443,35800855,2177377,392452944,649338759,259174379,1,14020480,1
0100000US,,United States,,3111,Animal food manufacturing,,2011,43104,1,2149012,29749,1310741,61110,38024007,54082330,16164944,1,808548,2
0100000US,,United States,,3111,Animal food manufacturing,,2010,44168,1,2110513,30348,1289689,62417,31859976,48146262,16346399,1,829111,2
0100000US,,United States,,3112,Grain and oilseed milling,,2011,50499,2,2864124,37427,1927848,81406,64937087,94025296,29278380,1,1610335,1
0100000US,,United States,,3112,Grain and oilseed milling,,2010,50049,2,2829769,36952,1913541,80636,55129180,82801451,28131341,1,1421380,1
0100000US,,United States,,3113,Sugar and confectionery product manufacturing,,2011,65429,1,2887333,49241,1930466,95942,17637273,33120351,15633531,1,1204459,1
0100000US,,United States,,3113,Sugar and confectionery product manufacturing,,2010,64186,1,2846502,48095,1927450,95833,15868748,31058103,15498927,1,976645,1
0100000US,,United States,,3114,Fruit and vegetable preserving and specialty food manufacturing,,2011,160869,1,6307391,133186,4545238,269844,35550703,65019666,29476711,1,2290319,3
0100000US,,United States,,3114,Fruit and vegetable preserving and specialty food manufacturing,,2010,162698,1,6268316,135200,4538657,269478,34382979,63186582,28824559,1,2162323,1
0100000US,,United States,,3115,Dairy product manufacturing,,2011,130791,1,6301609,95481,4190018,197265,74349489,106001994,32353478,1,2623864,2
0100000US,,United States,,3115,Dairy product manufacturing,,2010,133018,1,6265620,97827,4188478,200488,63910579,95166952,31464398,1,2435010,2
0100000US,,United States,,3116,Animal  slaughtering and processing,,2011,474400,1,15120687,414672,11841635,862411,142597171,195726679,53824373,1,2514006,1
0100000US,,United States,,3116,Animal  slaughtering and processing,,2010,480073,1,15123317,419735,11799096,871906,123049584,175496986,53237978,1,2026205,2
0100000US,,United States,,3117,Seafood product preparation and packaging,,2011,29686,3,1137073,24898,783622,49762,6642528,10579683,3931459,2,309269,3
0100000US,,United States,,3117,Seafood product preparation and packaging,,2010,28383,3,1054022,23454,674189,46225,6199099,10110249,3886911,3,206291,5
0100000US,,United States,,3118,Bakeries and tortilla manufacturing,,2011,248979,1,9176755,171696,5502705,324637,26101995,61051462,35153938,1,1832025,5
0100000US,,United States,,3118,Bakeries and tortilla manufacturing,,2010,247357,1,9151728,170125,5521245,323110,23510817,59061895,35564894,1,1796934,4
0100000US,,United States,,3119,Other food manufacturing,,2011,155238,1,6884356,116490,4056736,229859,42363364,90758135,48683950,1,2657796,1
0100000US,,United States,,3119,Other food manufacturing,,2010,153841,1,6734212,114708,3948509,227284,38541983,84310280,46218973,1,2166580,1
0100000US,,United States,,312,Beverage and tobacco product manufacturing,,2011,139966,1,7271761,85030,4029969,165657,53872488,136888125,83488996,1,3110467,6
0100000US,,United States,,312,Beverage and tobacco product manufacturing,,2010,133903,1,7042665,79729,3795237,156296,49736103,130550662,80803236,1,3000300,2
0100000US,,United States,,3121,Beverage manufacturing,,2011,126182,1,6360009,74316,3456730,146279,47717175,97867337,50621292,1,2789470,7
0100000US,,United States,,3121,Beverage manufacturing,,2010,120332,1,6116955,69281,3201373,135786,43711005,91689485,47945400,1,2604418,3
0100000US,,United States,,3122,Tobacco manufacturing,,2011,13784,1,911752,10714,573239,19378,6155313,39020788,32867704,1,320997,1
0100000US,,United States,,3122,Tobacco manufacturing,,2010,13571,1,925710,10448,593864,20510,6025098,38861177,32857836,1,395882,1
0100000US,,United States,,313,Textile mills,,2011,103454,2,3839934,84899,2607900,166289,18347835,31472727,13234073,5,732301,2
0100000US,,United States,,313,Textile mills,,2010,103976,1,3794773,85365,2603606,168472,16334800,29330654,13081477,4,668164,2
0100000US,,United States,,3131,"Fiber, yarn, and thread mills",,2011,24555,3,758087,22487,620192,43269,5833027,7914463,2102117,3,157185,5
0100000US,,United States,,3131,"Fiber, yarn, and thread mills",,2010,25500,3,786034,23464,651025,45646,4854223,7079774,2289092,2,95716,3
0100000US,,United States,,3132,Fabric mills,,2011,49132,2,1922925,39720,1282086,78455,8157015,15641159,7508305,1,424833,2
0100000US,,United States,,3132,Fabric mills,,2010,48764,1,1885106,39090,1264802,77889,7353875,14730852,7373690,1,420690,2
0100000US,,United States,,3133,Textile and fabric finishing and fabric coating mills,,2011,29767,4,1158922,22691,705622,44565,4357793,7917105,3623651,17,150283,6
0100000US,,United States,,3133,Textile and fabric finishing and fabric coating mills,,2010,29712,4,1123633,22811,687778,44937,4126703,7520028,3418695,14,151758,4
0100000US,,United States,,314,Textile product mills,,2011,106836,2,3543784,82513,2226527,156301,12574892,22080684,9686982,2,505762,3
0100000US,,United States,,314,Textile product mills,,2010,108841,2,3518513,84317,2199424,160994,12176876,20968906,9037837,2,403855,3
0100000US,,United States,,3141,Textile furnishings mills,,2011,54605,2,1702257,43440,1120477,83716,7589012,12529892,5044263,2,245273,2
0100000US,,United States,,3141,Textile furnishings mills,,2010,56738,1,1713032,45283,1110397,86345,7259217,11513253,4502832,2,199393,3
0100000US,,United States,,3149,Other textile product mills,,2011,52231,4,1841526,39072,1106050,72585,4985880,9550792,4642719,3,260489,6
0100000US,,United States,,3149,Other textile product mills,,2010,52104,4,1805481,39034,1089027,74649,4917659,9455654,4535005,2,204463,5
0100000US,,United States,,315,Apparel manufacturing,,2011,95176,3,2655096,75401,1692647,141856,6494543,12860199,6460568,2,199246,2
0100000US,,United States,,315,Apparel manufacturing,,2010,99815,3,2743435,78781,1727871,146646,6726494,13366110,6697112,2,125921,4
0100000US,,United States,,3151,Apparel knitting mills,,2011,13238,5,360200,11167,261173,22052,864276,1851445,1005707,6,50817,4
0100000US,,United States,,3151,Apparel knitting mills,,2010,13833,5,397893,11341,284237,22014,1023399,2129908,1145884,5,28973,8
0100000US,,United States,,3152,Cut and sew apparel manufacturing,,2011,73249,4,2042397,57520,1286592,106748,4965872,9575873,4673845,3,138114,3
0100000US,,United States,,3152,Cut and sew apparel manufacturing,,2010,76856,3,2095340,60255,1296165,111247,5086473,9874997,4802961,3,71733,4
0100000US,,United States,,3159,Apparel accessories and other apparel manufacturing,,2011,8689,3,252499,6714,144881,13056,664395,1432881,781016,2,10314,3
0100000US,,United States,,3159,Apparel accessories and other apparel manufacturing,,2010,9126,3,250202,7185,147469,13385,616622,1361205,748267,2,25215,12
0100000US,,United States,,316,Leather and allied product manufacturing,,2011,26953,2,870001,19986,509157,37419,3217204,5597748,2486987,1,106852,1
0100000US,,United States,,316,Leather and allied product manufacturing,,2010,27174,1,854342,20150,516924,37630,2708048,4952612,2307150,1,97077,3
0100000US,,United States,,3161,Leather and hide tanning and finishing,,2011,3396,1,129565,2638,85447,5385,1385540,1758896,400812,1,16891,2
0100000US,,United States,,3161,Leather and hide tanning and finishing,,2010,3369,1,126037,2630,84425,5419,1126560,1519193,404074,1,21426,1
0100000US,,United States,,3162,Footwear manufacturing,,2011,11400,1,365588,8964,238577,16966,900456,1836725,952197,1,44482,1
0100000US,,United States,,3162,Footwear manufacturing,,2010,11935,1,366689,9449,245939,17293,830544,1780804,930149,1,41453,1
0100000US,,United States,,3169,Other leather and allied product manufacturing,,2011,12156,5,374848,8384,185133,15068,931208,2002127,1133978,2,45479,3
0100000US,,United States,,3169,Other leather and allied product manufacturing,,2010,11870,3,361615,8071,186561,14918,750945,1652615,972926,2,34199,8
0100000US,,United States,,321,Wood product manufacturing,,2011,324870,1,11863331,262744,8363625,518178,41934178,70558453,28710744,1,1802404,3
0100000US,,United States,,321,Wood product manufacturing,,2010,327065,1,11710476,262379,8166756,514093,40891217,69565982,28870547,1,1685956,3
0100000US,,United States,,3211,Sawmills and wood preservation,,2011,73025,2,2912333,61538,2215084,128194,13808294,21613250,7812376,2,628837,5
0100000US,,United States,,3211,Sawmills and wood preservation,,2010,71711,2,2822726,59712,2107314,122998,13503638,21455763,8096678,2,581762,6
0100000US,,United States,,3212,"Veneer, plywood, and engineered wood product manufacturing",,2011,56785,3,2270437,45349,1597393,93134,8674369,13901811,5254865,2,315485,6
0100000US,,United States,,3212,"Veneer, plywood, and engineered wood product manufacturing",,2010,58289,3,2264333,46263,1580847,94503,8358567,13915958,5576447,2,384644,2
0100000US,,United States,,3219,Other wood product manufacturing,,2011,195060,2,6680561,155856,4551148,296850,19451514,35043391,15643503,2,858083,4
0100000US,,United States,,3219,Other wood product manufacturing,,2010,197064,1,6623417,156403,4478595,296592,19029012,34194261,15197421,2,719550,4
0100000US,,United States,,322,Paper manufacturing,,2011,346439,1,19304558,269468,13114087,554886,94348108,175877319,81943847,1,6610503,1
0100000US,,United States,,322,Paper manufacturing,,2010,351435,1,19215337,274350,13136225,563032,91377081,170043386,79016509,1,5754561,1
0100000US,,United States,,3221,"Pulp, paper, and paperboard mills",,2011,107531,1,7571805,85477,5615506,181444,40373758,82274752,41981043,1,3674719,1
0100000US,,United States,,3221,"Pulp, paper, and paperboard mills",,2010,109561,1,7526061,87418,5636051,184387,38649547,79342167,40757769,1,3483161,1
0100000US,,United States,,3222,Converted paper product manufacturing,,2011,238908,1,11732753,183990,7498581,373442,53974350,93602567,39962804,1,2935784,1
0100000US,,United States,,3222,Converted paper product manufacturing,,2010,241875,1,11689276,186932,7500174,378645,52727534,90701219,38258741,1,2271401,3
0100000US,,United States,,323,Printing and related support activities,,2011,456897,1,19727136,324865,12042635,623649,34183403,82706979,48600616,1,2802598,2
0100000US,,United States,,323,Printing and related support activities,,2010,467718,1,20030546,333038,12418932,639781,33206935,82410185,49304673,1,2044479,2
0100000US,,United States,,3231,Printing and related support activities,,2011,456897,1,19727136,324865,12042635,623649,34183403,82706979,48600616,1,2802598,2
0100000US,,United States,,3231,Printing and related support activities,,2010,467718,1,20030546,333038,12418932,639781,33206935,82410185,49304673,1,2044479,2
0100000US,,United States,,324,Petroleum and coal products manufacturing,,2011,98249,1,8722693,65135,5161314,142086,716909469,836812547,126208226,1,10435207,1
0100000US,,United States,,324,Petroleum and coal products manufacturing,,2010,98553,1,8389144,64440,4924766,142124,538127711,627091991,93976876,1,12360781,1
0100000US,,United States,,3241,Petroleum and coal products manufacturing,,2011,98249,1,8722693,65135,5161314,142086,716909469,836812547,126208226,1,10435207,1
0100000US,,United States,,3241,Petroleum and coal products manufacturing,,2010,98553,1,8389144,64440,4924766,142124,538127711,627091991,93976876,1,12360781,1
0100000US,,United States,,325,Chemical manufacturing,,2011,693566,1,49818039,415315,23451904,839396,406686352,776817357,374939703,1,22276892,1
0100000US,,United States,,325,Chemical manufacturing,,2010,696258,1,48526567,410775,22417905,829443,354712255,697812384,349884884,1,17714622,2
0100000US,,United States,,3251,Basic chemical manufacturing,,2011,143213,1,11184559,88362,6249425,181916,169081273,267404383,100274512,1,8413856,1
0100000US,,United States,,3251,Basic chemical manufacturing,,2010,139769,1,10451304,86420,5851099,176728,137980512,226085007,89250813,1,6291852,1
0100000US,,United States,,3252,"Resin, synthetic rubber, and artificial synthetic fibers and filaments manufacturing",,2011,80219,1,5644566,55065,3296686,112713,74738257,103972032,29900377,1,4188665,1
0100000US,,United States,,3252,"Resin, synthetic rubber, and artificial synthetic fibers and filaments manufacturing",,2010,80657,1,5304610,55309,3134454,111886,63548759,94925165,32382663,1,2080820,1
0100000US,,United States,,3253,"Pesticide, fertilizer, and other agricultural chemical manufacturing",,2011,27101,2,1682954,17273,964276,36805,18444062,34853112,16883741,3,1240595,2
0100000US,,United States,,3253,"Pesticide, fertilizer, and other agricultural chemical manufacturing",,2010,27283,1,1613627,17851,935582,37746,17132297,31181603,13920057,3,1082641,10
0100000US,,United States,,3254,Pharmaceutical and medicine manufacturing,,2011,221283,1,18223322,113217,6635142,224623,56955610,195732264,139799867,1,4675246,3
0100000US,,United States,,3254,Pharmaceutical and medicine manufacturing,,2010,224684,1,18385881,110879,6348812,223352,54133213,181955349,131757517,1,4870911,6
0100000US,,United States,,3255,"Paint, coating, and adhesive manufacturing",,2011,51387,2,3023238,31245,1406368,63741,18208097,33825464,15705335,2,454975,4
0100000US,,United States,,3255,"Paint, coating, and adhesive manufacturing",,2010,51110,2,2960311,30834,1368571,63026,16112674,31427239,15484947,1,398973,3
0100000US,,United States,,3256,"Soap, cleaning compound, and toilet preparation manufacturing",,2011,88185,2,5243426,57891,2495981,114200,42377090,94361909,52290019,1,2026674,1
0100000US,,United States,,3256,"Soap, cleaning compound, and toilet preparation manufacturing",,2010,90757,2,5127023,57560,2428835,112275,41287922,87134887,46195165,1,1639792,3
0100000US,,United States,,3259,Other chemical product and preparation manufacturing,,2011,82178,2,4815974,52262,2404025,105399,26881963,46668193,20085852,2,1276880,2
0100000US,,United States,,3259,Other chemical product and preparation manufacturing,,2010,81998,2,4683811,51921,2350552,104430,24516878,45103135,20893721,1,1349634,3
0100000US,,United States,,326,Plastics and rubber products manufacturing,,2011,674690,1,29362080,524128,18798118,1053373,113855250,204515134,91723367,1,6925908,1
0100000US,,United States,,326,Plastics and rubber products manufacturing,,2010,664323,1,28493944,514436,18154420,1037532,100519380,188785332,89332039,1,6225020,7
0100000US,,United States,,3261,Plastics product manufacturing,,2011,549644,1,23274326,425910,14672684,852087,87809880,160534077,73600665,1,5579372,1
0100000US,,United States,,3261,Plastics product manufacturing,,2010,543404,1,22653341,419785,14214440,845075,79572241,151291438,72575187,1,4850781,9
0100000US,,United States,,3262,Rubber product manufacturing,,2011,125046,1,6087755,98218,4125434,201286,26045370,43981057,18122702,1,1346536,2
0100000US,,United States,,3262,Rubber product manufacturing,,2010,120919,1,5840603,94651,3939980,192458,20947139,37493895,16756852,1,1374239,2
0100000US,,United States,,327,Nonmetallic mineral product manufacturing,,2011,333868,1,15697046,258163,10700264,519685,42449043,92967504,50889836,1,3965741,2
0100000US,,United States,,327,Nonmetallic mineral product manufacturing,,2010,334190,1,15413622,257492,10454064,516515,41096033,90104149,49155946,1,3442364,2
0100000US,,United States,,3271,Clay product and refractory manufacturing,,2011,31487,3,1370601,24313,918746,47672,2895712,7040958,4186650,2,197984,2
0100000US,,United States,,3271,Clay product and refractory manufacturing,,2010,31550,3,1336205,24041,888246,46769,2754710,6880114,4225443,2,182646,3
0100000US,,United States,,3272,Glass and glass product manufacturing,,2011,76342,2,3870518,60417,2695400,123873,9363371,21834312,12647694,2,1446950,2
0100000US,,United States,,3272,Glass and glass product manufacturing,,2010,75368,2,3726116,59212,2582150,121433,9155012,20637765,11459904,1,894102,2
0100000US,,United States,,3273,Cement and concrete product manufacturing,,2011,152933,2,6822879,118460,4720907,237756,19227675,38920293,19682481,2,1405867,4
0100000US,,United States,,3273,Cement and concrete product manufacturing,,2010,154203,1,6846218,119090,4702117,238715,19001061,38932181,19971184,2,1612561,2
0100000US,,United States,,3274,Lime and gypsum product manufacturing,,2011,11868,1,647805,9772,479676,19825,2946028,5388446,2468240,2,209399,1
0100000US,,United States,,3274,Lime and gypsum product manufacturing,,2010,12040,1,637098,9789,466286,19197,2788172,5178108,2388358,2,170647,1
0100000US,,United States,,3279,Other nonmetallic mineral product manufacturing,,2011,61238,2,2985243,45201,1885535,90558,8016257,19783494,11904770,1,705540,5
0100000US,,United States,,3279,Other nonmetallic mineral product manufacturing,,2010,61029,2,2867986,45359,1815265,90401,7397078,18475980,11111057,2,582409,7
0100000US,,United States,,331,Primary metal manufacturing,,2011,373911,1,21757554,297005,15623001,618229,185100264,280153236,97934074,1,8096440,3
0100000US,,United States,,331,Primary metal manufacturing,,2010,351863,1,19859225,277642,14140416,572603,152468724,232790545,83832437,1,7183201,1
0100000US,,United States,,3311,Iron and steel mills and ferroalloy manufacturing,,2011,102127,1,7363282,82827,5737346,176673,76982811,115365309,39770253,1,2634243,1
0100000US,,United States,,3311,Iron and steel mills and ferroalloy manufacturing,,2010,96628,1,6604728,77906,5101786,163708,63184059,93477237,31862024,1,3288947,1
0100000US,,United States,,3312,Steel product manufacturing from purchased steel,,2011,40291,3,2192115,31524,1498920,65079,19672264,26770034,7616298,2,1314067,15
0100000US,,United States,,3312,Steel product manufacturing from purchased steel,,2010,38712,2,2013896,30507,1394184,62847,16239926,22239603,6321069,4,463474,10
0100000US,,United States,,3313,Alumina and aluminum production and processing,,2011,51059,1,2862414,40542,2031092,85630,29423341,38895046,9625201,1,937131,1
0100000US,,United States,,3313,Alumina and aluminum production and processing,,2010,48225,1,2651325,37675,1826668,77978,24942562,32925440,8353032,1,629656,1
0100000US,,United States,,3314,Nonferrous metal (except aluminum) production and processing,,2011,56935,1,3351208,41680,2107477,84446,44015560,67795806,24405571,1,1977272,1
0100000US,,United States,,3314,Nonferrous metal (except aluminum) production and processing,,2010,55039,1,3167714,39604,1989191,81060,35409349,57048667,22630604,1,2016769,2
0100000US,,United States,,3315,Foundries,,2011,123500,1,5988535,100432,4248166,206402,15006287,31327043,16516751,1,1233727,5
0100000US,,United States,,3315,Foundries,,2010,113259,1,5421562,91950,3828587,187009,12692828,27099599,14665707,1,784355,3
0100000US,,United States,,332,Fabricated metal product manufacturing,,2011,1285707,1,62575193,947242,38937642,1921327,156821790,326796980,172967462,1,10418072,1
0100000US,,United States,,332,Fabricated metal product manufacturing,,2010,1236206,1,58540665,902323,35832849,1817192,138596846,293888983,156888259,1,7866135,2
0100000US,,United States,,3321,Forging and stamping,,2011,103326,1,5115086,76231,3158048,156121,18423381,33120698,15286620,1,1233254,2
0100000US,,United States,,3321,Forging and stamping,,2010,98848,1,4852994,73088,2968124,149592,16178163,29258671,13324211,1,835873,3
0100000US,,United States,,3322,Cutlery and handtool manufacturing,,2011,36349,6,1787293,26443,1042545,53276,3731819,10850698,7162641,2,296132,4
0100000US,,United States,,3322,Cutlery and handtool manufacturing,,2010,36806,4,1728181,26379,1015758,52006,3715525,10888597,7138385,2,280208,2
0100000US,,United States,,3323,Architectural and structural metals manufacturing,,2011,302238,1,13911563,216684,8327272,432776,38403975,72186909,34162143,1,1625567,2
0100000US,,United States,,3323,Architectural and structural metals manufacturing,,2010,302210,1,13494831,212802,7866832,422462,34322799,66390214,32141867,1,1339821,3
0100000US,,United States,,3324,"Boiler, tank, and shipping container manufacturing",,2011,76001,1,4283801,56439,2760980,117457,18673105,31992075,13483065,1,919041,1
0100000US,,United States,,3324,"Boiler, tank, and shipping container manufacturing",,2010,72214,1,3998585,53150,2533990,109785,16873318,29457832,12634573,1,691383,1
0100000US,,United States,,3325,Hardware manufacturing,,2011,24406,3,1175743,16956,608078,33047,3362268,6915044,3592899,2,109626,2
0100000US,,United States,,3325,Hardware manufacturing,,2010,25305,3,1189559,17262,589552,33600,3042696,6595664,3600433,2,83264,3
0100000US,,United States,,3326,Spring and wire product manufacturing,,2011,40444,2,1708564,31121,1057963,62368,4666760,9185837,4592085,2,227791,5
0100000US,,United States,,3326,Spring and wire product manufacturing,,2010,40316,2,1647890,30666,1005704,61303,4338878,8694944,4391889,2,177015,3
0100000US,,United States,,3327,"Machine shops; turned product; and screw, nut, and bolt manufacturing",,2011,344463,1,17143767,261248,11464056,533571,24695973,63473605,39468847,1,3088820,3
0100000US,,United States,,3327,"Machine shops; turned product; and screw, nut, and bolt manufacturing",,2010,315715,1,15295317,238942,10130421,487449,20698693,54391345,34264964,1,2407194,5
0100000US,,United States,,3328,"Coating, engraving, heat treating, and allied activities",,2011,113927,2,5062997,87400,3298716,178999,11180630,27069190,16147485,1,971099,6
0100000US,,United States,,3328,"Coating, engraving, heat treating, and allied activities",,2010,107550,2,4627862,82484,2990800,165194,10223804,24116062,13894076,1,559211,10
0100000US,,United States,,3329,Other fabricated metal product manufacturing,,2011,244553,1,12386378,174720,7219983,353710,33683878,72002923,39071677,1,1946741,2
0100000US,,United States,,3329,Other fabricated metal product manufacturing,,2010,237243,1,11705446,167549,6731669,335801,29202969,64095654,35497860,1,1492167,4
0100000US,,United States,,333,Machinery manufacturing,,2011,964668,1,54217654,621357,27793012,1241262,192543995,365734798,177486219,1,10613824,1
0100000US,,United States,,333,Machinery manufacturing,,2010,919272,1,49935138,584229,24935776,1156807,165000141,317696523,154527272,1,7740333,1
0100000US,,United States,,3331,"Agriculture, construction, and mining machinery manufacturing",,2011,181955,2,9987198,123740,5726618,246323,59197116,103090304,45504238,2,4011551,1
0100000US,,United States,,3331,"Agriculture, construction, and mining machinery manufacturing",,2010,169655,2,8799141,112597,4853432,218581,48085266,86537044,38499127,3,2525074,2
0100000US,,United States,,3332,Industrial machinery manufacturing,,2011,102492,1,6957827,55046,2707514,110143,16208357,35686311,19487533,1,829663,5
0100000US,,United States,,3332,Industrial machinery manufacturing,,2010,99098,1,6411526,52604,2448825,104464,14222819,30619809,16824721,1,567272,4
0100000US,,United States,,3333,Commercial and service industry machinery manufacturing,,2011,74961,1,4370503,42201,1803513,84375,11267320,22826892,11592546,2,652486,4
0100000US,,United States,,3333,Commercial and service industry machinery manufacturing,,2010,74486,1,4251435,41779,1687241,83837,10609993,21614959,10972652,2,511835,7
0100000US,,United States,,3334,"Ventilation, heating, air-conditioning, and commercial refrigeration equipment manufacturing",,2011,122216,2,5552124,87620,3101017,170634,20611604,38678450,18088050,2,739302,2
0100000US,,United States,,3334,"Ventilation, heating, air-conditioning, and commercial refrigeration equipment manufacturing",,2010,120165,2,5483324,85495,2988756,167098,18696546,36307851,17557641,2,1246387,3
0100000US,,United States,,3335,Metalworking machinery manufacturing,,2011,135527,1,7508971,97173,4613655,198920,11491043,27784994,16933849,1,1151287,6
0100000US,,United States,,3335,Metalworking machinery manufacturing,,2010,126625,1,6767649,90104,4126067,181401,9282670,23476561,14197082,1,700733,7
0100000US,,United States,,3336,"Engine, turbine, and power transmission equipment manufacturing",,2011,92487,1,5256642,61160,2934807,120831,27848655,46226107,18797058,1,1502688,2
0100000US,,United States,,3336,"Engine, turbine, and power transmission equipment manufacturing",,2010,86688,1,4792411,55759,2583498,110296,22513166,36657223,15463503,1,979375,1
0100000US,,United States,,3339,Other general purpose machinery manufacturing,,2011,255030,1,14584389,154417,6905888,310035,45919900,91441741,47082946,1,1726847,2
0100000US,,United States,,3339,Other general purpose machinery manufacturing,,2010,242555,1,13429653,145891,6247956,291130,41589681,82483076,41012546,1,1209657,1
0100000US,,United States,,334,Computer and electronic product manufacturing,,2011,816676,1,59943663,382760,19167380,757953,131720627,337860603,208008489,1,16918781,1
0100000US,,United States,,334,Computer and electronic product manufacturing,,2010,816813,1,57554894,381746,18259941,751975,132193961,331330304,200487078,1,13398585,1
0100000US,,United States,,3341,Computer and peripheral equipment manufacturing,,2011,55300,6,4114041,17596,846929,35232,16017103,28892720,13009329,3,1454821,11
0100000US,,United States,,3341,Computer and peripheral equipment manufacturing,,2010,61360,5,4322978,21394,982433,42688,20188214,38082707,17849858,1,1495900,11
0100000US,,United States,,3342,Communications equipment manufacturing,,2011,101252,5,8641322,44110,2937249,83250,23434922,44632409,21157936,5,1722930,1
0100000US,,United States,,3342,Communications equipment manufacturing,,2010,100542,5,7734105,42231,2498836,79541,21807114,42799553,20889769,5,1958570,3
0100000US,,United States,,3343,Audio and video equipment manufacturing,,2011,7499,10,400273,3792,128263,7020,1181001,2674867,1497381,6,22377,4
0100000US,,United States,,3343,Audio and video equipment manufacturing,,2010,6672,11,354738,3388,115080,6013,1043365,2251168,1239825,7,33690,4
0100000US,,United States,,3344,Semiconductor and other electronic component manufacturing,,2011,270577,2,16589795,168232,7536900,333479,38682968,123487115,86062944,1,10849207,1
0100000US,,United States,,3344,Semiconductor and other electronic component manufacturing,,2010,266973,2,15930151,165899,7370811,327164,38818885,115103864,77286729,1,7266802,1
0100000US,,United States,,3345,"Navigational, measuring, electromedical, and control instruments manufacturing",,2011,366611,1,29555617,138312,7338863,277918,51318157,135271201,84466013,2,2748332,2
0100000US,,United States,,3345,"Navigational, measuring, electromedical, and control instruments manufacturing",,2010,364185,1,28531551,136601,6874630,272129,49144093,129825942,81162849,2,2555981,1
0100000US,,United States,,3346,Manufacturing and reproducing magnetic and optical media,,2011,15438,3,642615,10717,379177,21053,1086476,2902291,1814886,7,121115,5
0100000US,,United States,,3346,Manufacturing and reproducing magnetic and optical media,,2010,17079,2,681373,12233,418151,24440,1192291,3267071,2058049,5,87643,7
0100000US,,United States,,335,"Electrical equipment, appliance, and component manufacturing",,2011,328446,1,16960580,223652,8959932,444360,62276536,120023469,58535994,1,2641326,1
0100000US,,United States,,335,"Electrical equipment, appliance, and component manufacturing",,2010,325112,1,16299872,221259,8664547,440215,55889696,110036235,54701519,1,2464631,3
0100000US,,United States,,3351,Electric lighting equipment manufacturing,,2011,42357,3,2039762,28784,1036249,57873,5869301,11981572,6148868,2,246113,4
0100000US,,United States,,3351,Electric lighting equipment manufacturing,,2010,42360,2,2020593,28932,1044952,58597,5410586,11058738,5679618,3,319119,13
0100000US,,United States,,3352,Household appliance manufacturing,,2011,42361,1,1775596,36029,1309190,69822,10002149,17969800,7918381,1,474101,1
0100000US,,United States,,3352,Household appliance manufacturing,,2010,45010,1,1887357,38307,1379291,75524,10116928,18019808,8076811,1,428096,1
0100000US,,United States,,3353,Electrical equipment manufacturing,,2011,113998,2,6131098,72542,3002011,146297,19414213,38734429,19599685,1,762184,2
0100000US,,United States,,3353,Electrical equipment manufacturing,,2010,113431,2,5896444,72036,2850068,142900,17147778,35224385,18172113,1,714955,10
0100000US,,United States,,3359,Other electrical equipment and component manufacturing,,2011,129730,2,7014125,86296,3612482,170369,26990873,51337668,24869061,1,1158929,1
0100000US,,United States,,3359,Other electrical equipment and component manufacturing,,2010,124311,2,6495477,81984,3390236,163195,23214404,45733304,22772977,1,1002461,1
0100000US,,United States,,336,Transportation equipment manufacturing,,2011,1235431,1,77481994,838526,44807380,1656597,433407748,690437301,264473994,1,17388569,1
0100000US,,United States,,336,Transportation equipment manufacturing,,2010,1189286,1,73760956,787214,42170260,1576953,376501720,636824768,270876616,1,16697412,1
0100000US,,United States,,3361,Motor vehicle manufacturing,,2011,148009,2,9888864,126910,7993908,243234,179079486,233785658,54916503,1,6221436,1
0100000US,,United States,,3361,Motor vehicle manufacturing,,2010,137284,1,9211421,115352,7470579,224938,142664272,207431559,65274959,1,7976883,1
0100000US,,United States,,3362,Motor vehicle body and trailer manufacturing,,2011,97905,1,4145231,76168,2798186,148831,17954460,26739312,8980093,2,350099,3
0100000US,,United States,,3362,Motor vehicle body and trailer manufacturing,,2010,90203,1,3817532,69193,2537429,134313,15926232,24043120,8200824,2,187560,2
0100000US,,United States,,3363,Motor vehicle parts manufacturing,,2011,404636,1,20633373,308962,13902843,623699,122560993,184764425,62854633,1,5595544,1
0100000US,,United States,,3363,Motor vehicle parts manufacturing,,2010,388920,1,19581962,293202,12981626,594294,106368826,169218138,63575747,1,3946368,1
0100000US,,United States,,3364,Aerospace product and parts manufacturing,,2011,401961,1,32578702,207308,14478249,409525,84136097,183275136,105495322,1,3846861,2
0100000US,,United States,,3364,Aerospace product and parts manufacturing,,2010,391990,1,31162931,194439,13769700,395504,80646908,174854671,104019587,1,3183110,2
0100000US,,United States,,3365,Railroad rolling stock manufacturing,,2011,27473,1,1587968,18661,903333,37255,8041572,13196222,5296355,1,354791,1
0100000US,,United States,,3365,Railroad rolling stock manufacturing,,2010,24976,1,1486452,16185,833857,31216,6528929,11094367,4592620,2,208107,1
0100000US,,United States,,3366,Ship and boat building,,2011,121193,2,6590481,78885,3694204,150309,10267701,28066807,17799105,1,683265,2
0100000US,,United States,,3366,Ship and boat building,,2010,119081,1,6385962,75338,3513550,149080,10701350,27621505,16920155,1,965159,2
0100000US,,United States,,3369,Other transportation equipment manufacturing,,2011,34254,1,2057374,21632,1036657,43744,11367439,20609741,9131983,1,336573,3
0100000US,,United States,,3369,Other transportation equipment manufacturing,,2010,36832,1,2114696,23505,1063519,47608,13665203,22561410,8292724,2,230224,7
0100000US,,United States,,337,Furniture and related product manufacturing,,2011,319869,1,11930787,237219,7234016,457303,29089689,61971620,32712400,3,957032,2
0100000US,,United States,,337,Furniture and related product manufacturing,,2010,330662,1,12040876,245906,7286845,468217,28065336,59048102,31051660,3,842588,3
0100000US,,United States,,3371,Household and institutional furniture and kitchen cabinet manufacturing,,2011,192309,2,6579585,145954,4243561,277681,15685406,32081229,16232297,4,452438,4
0100000US,,United States,,3371,Household and institutional furniture and kitchen cabinet manufacturing,,2010,200360,2,6733362,153185,4318566,289316,15753135,32003699,16301133,4,440659,5
0100000US,,United States,,3372,Office furniture (including fixtures) manufacturing,,2011,96651,2,4207970,68808,2316570,137653,9331959,21197684,11860539,4,406388,3
0100000US,,United States,,3372,Office furniture (including fixtures) manufacturing,,2010,99018,2,4168146,70426,2316016,137198,8395208,18991336,10599784,4,322534,3
0100000US,,United States,,3379,Other furniture related product manufacturing,,2011,30909,2,1143232,22457,673885,41969,4072324,8692707,4619563,1,98206,2
0100000US,,United States,,3379,Other furniture related product manufacturing,,2010,31284,2,1139368,22296,652263,41703,3916993,8053067,4150742,1,79395,3
0100000US,,United States,,339,Miscellaneous manufacturing,,2011,564709,2,29146613,351893,12400365,678912,56440031,156100778,100226293,1,4293104,2
0100000US,,United States,,339,Miscellaneous manufacturing,,2010,560907,2,28347608,347338,12006378,676576,53410056,149509491,97723645,1,3902533,2
0100000US,,United States,,3391,Medical equipment and supplies manufacturing,,2011,289563,4,16914808,175376,6519152,334768,27604279,89519497,61932415,2,2561915,4
0100000US,,United States,,3391,Medical equipment and supplies manufacturing,,2010,291572,3,16547318,175290,6394857,342571,26105601,87406574,62487991,1,2372726,4
0100000US,,United States,,3399,Other miscellaneous manufacturing,,2011,275146,1,12231805,176517,5881213,344144,28835752,66581281,38293877,2,1731189,3
0100000US,,United States,,3399,Other miscellaneous manufacturing,,2010,269335,1,11800290,172049,5611521,334004,27304455,62102918,35235654,2,1529806,2
