GEO.id,GEO.id2,GEO.display-label,GEO.annotation.id,NAICS.id,NAICS.display-label,NAICS.annotation.id,YEAR.id,BENEFIT,BENEFIT_S,CSTMTOT,CSTMTOT_S,CSTMPRT,CSTMPRT_S,CSTRSL,CSTRSL_S,CSTFU,CSTFU_S,CSTELEC,CSTELEC_S,CSTCNT,CSTCNT_S,ELECPCH,ELECPCH_S,ELECGEN,ELECGEN_S,ELECSLD,ELECSLD_S,INVTOTB,INVTOTB_S,INVFINB,INVFINB_S,INVWIPB,INVWIPB_S,INVMATB,INVMATB_S,INVTOTE,INVTOTE_S,INVFINE,INVFINE_S,INVWIPE,INVWIPE_S,INVMATE,INVMATE_S,CEXTOT,CEXTOT_S,CEXBLD,CEXBLD_S,CEXMCH,CEXMCH_S,CEXMCHA,CEXMCHA_S,CEXMCHC,CEXMCHC_S,CEXMCHO,CEXMCHO_S
Geographic identifier code,Id2,Geographic area name,Id,2012 NAICS code,Meaning of 2012 NAICS code,Id,Year,"Total fringe benefits ($1,000)",Relative standard error for estimate of total fringe benefits (%),"Total cost of materials ($1,000)",Relative standard error for estimate of total cost of materials (%),"Cost of materials, parts, containers, packaging, etc. used ($1,000)","Relative standard error for estimate of cost of materials, parts, containers, packaging, etc. used  (%)","Cost of resales ($1,000)",Relative standard error for estimate of cost of resales (%),"Cost of purchased fuels consumed ($1,000)",Relative standard error for estimate of cost of purchased fuels (%),"Cost of purchased electricity ($1,000)",Relative standard error for estimate of cost of purchased electricity (%),"Cost of contract work ($1,000)",Relative standard error for estimate of cost of contract work (%),"Quantity of electricity purchased for heat and power (1,000 kWh)",Relative standard error for estimate of quantity of electricity purchased for heat and power (%),"Quantity of generated electricity (1,000 kWh)",Relative standard error for estimate of quantity of generated electricity (%),"Quantity of electricity sold or transferred (1,000 kWh)",Relative standard error for estimate of quantity of electricity sold or transferred (%),"Total inventories, beginning of year ($1,000)","Relative standard error for estimate of total inventories, beginning of year (%)","Finished goods inventories, beginning of year ($1,000)","Relative standard error for estimate of finished goods inventories, beginning of year (%)","Work-in-process inventories, beginning of year ($1,000)","Relative standard error for estimate of work-in-process inventories, beginning of year (%)","Materials and supplies inventories, beginning of year ($1,000)","Relative standard error for estimate of materials and supplies inventories, beginning of year (%)","Total inventories, end of year ($1,000)","Relative standard error for estimate of total inventories, end of year (%)","Finished goods inventories, end of year ($1,000)","Relative standard error for estimate of finished goods inventories, end of year (%)","Work-in-process inventories, end of year ($1,000)","Relative standard error for estimate of work-in-process inventories, end of year (%)","Materials and supplies inventories, end of year ($1,000)","Relative standard error for estimate of materials and supplies inventories, end of year (%)","Total capital expenditures ($1,000)",Relative standard error for estimate of total capital expenditures (%),"Capital expenditures for buildings and other structures ($1,000)",Relative standard error for estimate of capital expenditures for buildings and other structures (%),"Capital expenditures for machinery and equipment ($1,000)",Relative standard error for estimate of capital expenditures for machinery and equipment (%),"Capital expenditures for automobiles, trucks, etc. for highway use ($1,000)","Relative standard error for estimate of capital expenditures for automobiles, trucks, etc. for highway use (%)","Capital expenditures for computers and peripheral data processing equipment ($1,000)",Relative standard error for estimate of capital expenditures for computers and peripheral data processing equipment (%),"Capital expenditures for all other machinery and equipment ($1,000)",Relative standard error for estimate of capital expenditures for all other machinery and equipment (%)
0100000US,,United States,,31-33,Manufacturing,,2015,192036230,0.1,3117562078,0.1,2815614909,0.1,159891306,0.5,33128879,0.2,52622619,0.1,56304365,0.3,796561789,0.1,112497691,0.1,31882434,0.1,622315125,0.1,215967004,0.2,191683595,0.3,214664531,0.2,622595946,0.1,215213535,0.2,193412326,0.3,213970082,0.2,175387681,0.2,34570133,0.6,140817549,0.2,3899888,1.0,4712219,0.7,132205439,0.2
0100000US,,United States,,31-33,Manufacturing,,2014,183790160,0.1,3505622153,0.1,3179794546,0.1,174752071,0.5,41301736,0.1,54017475,0.1,55756325,0.3,806243393,0.1,113065219,0.1,31919512,0.1,611877025,0.1,216677349,0.2,187148587,0.2,208051089,0.2,624490958,0.1,216979589,0.2,192389034,0.3,215122335,0.1,173849747,0.4,35278308,0.8,138571439,0.4,3401225,1.2,5080171,1.4,130090042,0.3
0400000US01,01,Alabama,,31-33,Manufacturing,,2015,3554257,0.5,84638237,0.3,79159962,0.3,2003882,2.5,891591,0.5,1693078,0.3,889724,2.6,28271939,0.4,3896618,0.0,422764,0.0,13049880,0.4,4481922,0.7,3126319,0.4,5441639,0.7,12654903,0.4,4324879,0.7,3276725,0.5,5053299,0.9,4822551,1.7,667426,6.3,4155126,1.2,68211,4.5,109173,1.1,3977742,1.2
0400000US01,01,Alabama,,31-33,Manufacturing,,2014,3481144,0.3,89318174,0.2,83360336,0.2,2115271,1.5,1100555,0.4,1761370,0.3,980641,1.6,29402170,0.4,4701247,0.0,449053,0.0,12712648,0.3,4529697,0.6,2966823,0.3,5216128,0.6,13090171,0.3,4490113,0.6,3116522,0.5,5483535,0.6,5005809,0.9,643802,1.0,4362006,1.0,70813,4.3,110269,3.0,4180924,1.0
0400000US02,02,Alaska,,31-33,Manufacturing,,2015,140149,1.4,3972704,1.4,3746743,1.4,,,99982,2.1,40615,5.5,,,324591,6.3,150109,0.0,,,704725,3.4,,,,,122099,2.5,659425,3.5,,,,,132201,2.5,129947,2.8,22419,1.3,107528,3.3,3630,5.3,1899,5.1,102000,3.3
0400000US02,02,Alaska,,31-33,Manufacturing,,2014,133890,0.7,4987034,0.7,4600460,0.8,210003,0.2,110415,1.0,42064,2.1,24092,1.0,362525,2.0,144070,0.0,,,779138,2.8,,,,,130041,2.4,727792,3.7,,,,,142962,1.7,102491,4.0,24163,11.5,78328,3.3,6737,1.1,1058,9.0,70533,3.5
0400000US04,04,Arizona,,31-33,Manufacturing,,2015,2991940,0.6,25342924,0.5,22399850,0.5,1499446,1.7,409695,0.7,593326,1.8,440607,2.7,9607718,1.5,1473,1.9,,,5920986,0.9,2035028,1.0,2108163,1.8,1777795,1.4,6076303,1.0,2004507,1.0,2208397,1.7,1863399,1.5,990389,4.8,200652,7.1,789737,4.4,29113,8.9,40297,3.4,720326,4.7
0400000US04,04,Arizona,,31-33,Manufacturing,,2014,2756783,0.5,26045439,0.4,23360070,0.4,1562482,1.1,130576,1.4,529641,0.7,462670,2.7,7411047,0.6,933,3.4,,,5959971,0.7,1884654,0.7,2167842,1.5,1907475,1.0,5974492,0.9,2080302,1.3,2097623,1.5,1796567,1.3,2270217,0.9,715557,1.2,1554660,1.1,28658,5.2,80266,1.1,1445736,1.1
0400000US05,05,Arkansas,,31-33,Manufacturing,,2015,1861947,0.6,33706428,0.5,31129019,0.5,977779,4.5,420033,1.4,797720,0.6,381877,1.8,13503337,0.5,1653201,0.1,0,,6636738,1.3,2827478,2.8,1335595,1.4,2473665,0.8,6484593,1.5,2785748,2.9,1272526,1.9,2426318,1.0,2076542,1.1,260445,1.2,1816098,1.2,60391,19.8,27751,3.9,1727955,0.8
0400000US05,05,Arkansas,,31-33,Manufacturing,,2014,1820011,0.5,36507119,0.4,33747230,0.4,993194,4.5,518635,1.2,788654,0.6,459407,2.5,13741994,0.5,1653869,0.1,0,,6250476,0.6,2636046,0.7,1204099,1.4,2410331,0.7,6636582,1.3,2835502,2.8,1336300,1.4,2464781,0.8,1800357,1.2,266071,1.2,1534285,1.3,41050,9.1,31291,2.0,1461944,1.3
0400000US06,06,California,,31-33,Manufacturing,,2015,20395710,0.4,258332077,0.3,229083133,0.3,15233114,1.5,2366150,0.5,4130056,0.6,7519624,1.0,33532617,0.5,6370850,0.1,753405,0.1,69544378,0.5,27127543,0.8,22386165,1.1,20030670,0.5,70534443,0.5,24892052,0.7,24993376,1.1,20649015,0.5,13983308,1.4,3631430,3.6,10351879,1.2,355451,2.2,592332,4.0,9404095,1.3
0400000US06,06,California,,31-33,Manufacturing,,2014,19627030,0.3,286085910,0.2,255797011,0.2,15716254,1.4,3012735,0.5,4162755,0.5,7397154,0.9,34487201,0.5,6283929,0.2,894304,0.1,71261070,0.5,26742904,0.6,24706993,1.1,19811173,0.4,70691327,0.5,27230278,0.6,23338081,1.1,20122968,0.5,14025403,1.2,3437185,1.6,10588218,1.2,382874,4.5,618019,3.3,9587325,1.2
0400000US08,08,Colorado,,31-33,Manufacturing,,2015,1929450,0.9,26762520,0.9,22708840,1.0,1428159,2.4,222227,5.3,424370,1.4,1978924,0.6,5026465,2.0,23007,0.0,,,5614634,2.2,2107259,5.3,1823369,0.8,1684005,2.4,5668766,2.1,2227849,4.5,1715166,1.2,1725750,2.8,1508425,4.6,353619,12.4,1154806,3.0,47329,8.9,44663,5.0,1062813,3.1
0400000US08,08,Colorado,,31-33,Manufacturing,,2014,1794232,0.8,28610129,0.8,24798390,0.9,1674601,1.6,262432,4.2,440288,1.2,1434417,0.8,5641717,1.6,22886,0.0,,,5399525,1.3,1972025,2.3,1785775,0.5,1641725,2.0,5687265,2.1,2143676,5.1,1851245,0.8,1692344,1.9,1473307,3.3,357558,6.2,1115749,3.7,48425,7.5,105080,4.5,962244,3.8
0400000US09,09,Connecticut,,31-33,Manufacturing,,2015,3392085,1.6,22972020,1.4,20252341,1.9,1211199,11.4,212468,1.7,426088,2.9,869924,2.3,3790462,2.9,837706,0.3,5809,0.3,8184381,1.0,2501281,1.6,3255989,1.6,2427110,1.8,8293358,0.9,2504740,1.3,3335935,1.4,2452684,2.6,1484076,2.2,320322,7.6,1163754,1.4,28624,3.7,63759,5.1,1071371,1.4
0400000US09,09,Connecticut,,31-33,Manufacturing,,2014,3208491,0.6,23956546,0.5,21184021,1.0,1260778,11.0,222608,1.4,420778,1.8,868361,1.7,3697869,1.9,838700,0.3,10050,0.2,9906997,0.7,2579160,1.3,4843341,0.9,2484496,1.6,8232367,0.8,2522585,1.3,3258157,1.3,2451625,1.5,1496100,2.0,231320,1.9,1264780,2.2,35955,6.4,56553,7.4,1172272,2.3
0400000US10,10,Delaware,,31-33,Manufacturing,,2015,468562,0.5,12724265,0.1,10947952,0.1,,,104335,0.1,132565,0.4,,,1773825,0.4,17653,9.1,,,2341488,0.2,865329,0.1,1027802,0.1,448357,0.9,2401429,0.2,1063001,0.1,903660,0.1,434768,0.7,419965,0.8,65113,1.1,354851,0.8,10017,2.6,11508,2.4,333326,0.8
0400000US10,10,Delaware,,31-33,Manufacturing,,2014,455407,0.4,15994869,0.1,14119652,0.1,1537304,0.1,131389,0.1,139570,0.2,66954,2.7,1731831,0.2,,,,,2500445,0.1,996048,0.3,1076908,0.1,427489,0.2,2330307,0.2,866291,0.3,1024222,0.1,439795,1.0,287126,1.7,39669,2.3,247457,1.6,7356,4.5,6523,6.9,233578,1.5
0400000US11,11,District of Columbia,,31-33,Manufacturing,,2015,11668,0.9,122806,0.3,113596,0.3,667,0.0,2840,0.0,2125,1.1,3578,0.9,26209,0.2,0,,0,,12539,2.9,,,,,5594,2.2,12790,0.3,,,,,5450,0.2,5895,2.7,270,6.0,5624,2.5,3631,0.2,44,9.3,1950,6.6
0400000US11,11,District of Columbia,,31-33,Manufacturing,,2014,11575,0.6,119071,0.3,110056,0.3,648,0.0,2839,0.0,2159,1.1,3369,1.1,27476,0.3,0,,0,,11700,3.1,,,,,5660,2.2,11866,0.4,,,,,5478,0.3,5391,2.9,187,8.6,5204,2.6,3582,0.2,46,8.9,1576,8.0
0400000US12,12,Florida,,31-33,Manufacturing,,2015,4186644,0.7,52356461,0.5,46704461,0.5,2863280,2.8,559692,0.7,987911,1.2,1241117,2.1,12118628,2.0,3897453,0.1,271297,0.0,12550647,0.7,4173680,1.4,3731680,1.1,4645287,1.2,14794055,1.0,6161712,0.9,4095141,0.7,4537202,2.7,2909792,1.1,544228,2.1,2365564,1.2,110411,3.8,105350,4.2,2149803,1.2
0400000US12,12,Florida,,31-33,Manufacturing,,2014,3938559,0.7,51638603,0.5,46024048,0.5,2919592,3.5,609189,0.6,951252,0.8,1134522,2.2,11304181,1.2,4115342,0.1,294637,0.0,11933342,0.7,4043373,1.3,3574592,1.1,4315376,1.6,12345817,0.8,4210089,1.4,3517248,0.9,4618479,1.2,3315615,2.7,757728,4.6,2557888,3.0,112670,10.8,117352,4.9,2327865,2.8
0400000US13,13,Georgia,,31-33,Manufacturing,,2015,5019522,0.6,98956690,0.5,87727513,0.5,4545347,2.2,883527,0.7,1592009,1.0,4208294,0.5,25432614,0.9,5054887,0.5,155649,9.8,17843256,0.9,5812104,1.2,4616299,0.7,7414853,1.2,17702551,0.9,5925393,1.2,4322860,0.8,7454297,1.3,6112474,0.7,1134218,1.4,4978256,0.7,112548,7.6,163470,1.6,4702238,0.7
0400000US13,13,Georgia,,31-33,Manufacturing,,2014,4671776,0.4,99760072,0.4,88416561,0.4,4435366,1.0,1103595,0.7,1726603,0.5,4077947,0.4,26695410,0.5,5167358,0.5,180724,8.8,16565936,0.9,5559771,1.1,4102129,0.5,6904035,1.3,17845607,0.7,5813850,1.0,4605988,0.8,7425769,1.2,6207066,2.0,1101463,1.2,5105604,2.4,104707,3.1,198477,9.3,4802420,2.2
0400000US15,15,Hawaii,,31-33,Manufacturing,,2015,172369,2.3,3893007,2.2,2942906,2.1,807522,4.4,66832,1.1,44027,3.9,31720,1.4,169541,5.9,287947,11.6,,,734256,3.4,,,,,203867,10.6,595951,1.8,,,,,240229,2.3,116653,10.0,16398,23.5,100255,9.5,10965,10.6,2805,44.8,86485,10.0
0400000US15,15,Hawaii,,31-33,Manufacturing,,2014,158422,2.7,5029038,1.5,3932365,1.3,910660,3.8,112328,0.5,49590,3.1,24096,1.7,149972,5.0,316257,9.9,,,970450,2.1,,,,,194741,9.3,733023,1.0,,,,,203269,3.1,115920,8.7,18185,33.0,97735,6.1,7150,18.1,2697,20.9,87888,5.9
0400000US16,16,Idaho,,31-33,Manufacturing,,2015,787058,0.6,11769663,0.9,10599423,0.8,327287,8.2,214127,0.8,278991,0.7,349835,6.8,4927095,0.6,651111,0.0,,,3086732,1.0,1282762,0.9,631685,0.9,1172285,2.1,3023862,0.8,1168257,1.1,674582,0.9,1181023,1.6,1126646,0.7,148917,1.2,977729,0.7,14941,6.0,31183,1.0,931606,0.7
0400000US16,16,Idaho,,31-33,Manufacturing,,2014,734530,0.6,12351987,0.7,11243084,0.7,336226,7.0,227021,1.7,278846,0.6,266810,6.1,4822276,0.5,592861,0.0,,,3019729,1.2,,,,,1167944,3.0,3047436,0.9,,,,,1164889,1.7,865891,2.5,162323,4.8,703568,2.0,13911,14.0,17873,4.5,671785,2.1
0400000US17,17,Illinois,,31-33,Manufacturing,,2015,9366449,0.5,149402006,0.4,133177479,0.4,10541759,0.7,1385138,0.6,1929927,0.5,2367702,2.4,31696085,0.4,2858309,0.1,953322,0.0,25838307,0.5,10760783,0.9,5010311,0.9,10067213,0.6,25753482,0.4,10452327,0.7,4802280,0.8,10498875,0.4,7439368,1.5,1511078,4.9,5928290,1.0,214822,2.4,263478,1.5,5449990,1.0
0400000US17,17,Illinois,,31-33,Manufacturing,,2014,8957389,0.4,170765642,0.3,154252923,0.3,10022223,0.7,2003683,0.4,2040213,0.6,2446599,2.1,34678231,0.6,3102990,0.1,994780,0.0,25889665,0.4,10744607,0.8,4861470,0.8,10283589,0.4,25968628,0.3,10871310,0.6,5046780,0.7,10050539,0.5,6723649,1.2,1197530,4.0,5526119,1.1,122007,2.3,227166,1.6,5176946,1.1
0400000US18,18,Indiana,,31-33,Manufacturing,,2015,8032350,0.4,143238805,0.2,132231495,0.2,5052721,1.8,1267821,0.5,2646889,0.5,2039880,2.0,40239085,0.4,2331787,0.0,,,26488481,0.6,8963765,0.8,7432285,0.3,10092431,1.1,24762546,0.5,8408402,1.0,6575065,0.5,9779078,0.8,7487385,0.7,1156927,1.6,6330458,0.7,153177,2.2,114131,2.3,6063151,0.7
0400000US18,18,Indiana,,31-33,Manufacturing,,2014,7688645,0.4,155450516,0.2,143978668,0.3,4941452,1.0,1762720,0.5,2762539,0.4,2005138,1.7,41328202,0.3,2034875,0.0,,,24876812,0.3,8580781,0.5,6659263,0.3,9636768,0.6,26532876,0.4,8869094,0.4,7485290,0.4,10178492,0.7,6750726,0.7,958894,2.5,5791832,0.6,84854,2.6,137129,1.4,5569849,0.6
0400000US19,19,Iowa,,31-33,Manufacturing,,2015,3502759,0.6,68916259,0.3,59254381,0.3,7206287,0.7,982261,0.7,936907,1.0,536423,3.0,16168462,1.0,,,,,9487310,0.9,3605138,1.1,2065750,3.3,3816421,1.3,9487603,1.3,3615029,1.2,2214115,4.7,3658459,1.3,3956014,2.3,565030,5.8,3390984,2.4,100998,11.5,108922,17.6,3181063,2.0
0400000US19,19,Iowa,,31-33,Manufacturing,,2014,3437257,0.4,75700839,0.3,66541076,0.3,6411517,0.5,1318494,0.6,930863,0.6,498890,1.4,16034881,0.6,,,,,9436284,0.7,3568639,0.8,2061939,2.2,3805706,0.9,9416868,0.8,3615805,0.8,2043059,2.4,3758004,1.1,3913433,7.3,777903,32.3,3135530,2.7,93702,19.0,105355,18.1,2936473,2.2
0400000US20,20,Kansas,,31-33,Manufacturing,,2015,2717545,0.5,53428561,0.6,47976418,0.6,3823571,1.5,343841,1.2,669965,0.8,614765,6.5,9396095,0.8,,,,,10038115,0.6,3332639,1.4,3557570,0.6,3147906,1.1,9892611,0.8,3356070,1.7,3289106,0.5,3247435,1.1,2722097,1.3,818101,2.0,1903996,1.6,59145,11.1,74971,2.9,1769881,1.4
0400000US20,20,Kansas,,31-33,Manufacturing,,2014,2551530,0.4,64111885,0.4,57272481,0.5,5177235,1.4,456208,0.9,686044,0.7,519917,4.4,9707990,0.7,,,,,9710969,0.5,3322122,0.7,3180704,0.6,3208143,0.9,10041759,0.6,3332195,0.9,3561711,0.4,3147854,1.1,2648585,1.6,861651,2.9,1786933,1.7,46517,5.5,75030,3.6,1665386,1.8
0400000US21,21,Kentucky,,31-33,Manufacturing,,2015,4130606,2.2,86788258,0.3,80765988,0.3,2527767,2.3,835093,1.4,1962190,0.4,697220,1.1,37883242,0.4,,,,,11961489,0.7,4345111,1.9,2954420,0.5,4661959,0.4,11748996,0.7,4403943,1.0,2825734,0.5,4519319,1.1,4339504,1.5,583018,2.8,3756486,1.6,48983,5.4,81409,2.1,3626094,1.6
0400000US21,21,Kentucky,,31-33,Manufacturing,,2014,3814147,1.3,92073244,0.2,86153712,0.2,2319340,2.3,943765,0.9,1984669,0.2,671758,1.0,36627513,0.1,,,,,11552499,1.0,4224513,1.9,2948811,0.4,4379175,0.9,12138274,0.4,4450140,0.5,3008869,0.5,4679265,0.7,4034940,3.0,635097,1.6,3399843,3.6,48255,4.4,54214,1.4,3297374,3.7
0400000US22,22,Louisiana,,31-33,Manufacturing,,2015,2472290,0.5,123006130,0.1,111237239,0.1,7408811,0.5,2116058,0.1,1546749,0.2,697274,3.2,29027936,0.2,21980340,0.0,9380174,0.0,12913514,0.3,5949679,0.6,2992302,0.4,3971533,0.4,10648233,0.4,4905041,0.7,2282392,0.6,3460800,0.5,8732755,0.8,1941971,0.4,6790785,1.0,62692,4.7,73746,0.5,6654347,1.0
0400000US22,22,Louisiana,,31-33,Manufacturing,,2014,2461091,0.8,190873350,0.2,173829410,0.1,11668964,1.6,2804737,0.1,1754330,0.2,815909,2.4,29680325,0.2,21912909,0.0,9464463,0.0,14499430,0.2,6802820,0.3,3545607,0.3,4151003,0.3,12836952,0.3,5983630,0.4,2902507,0.3,3950814,0.4,7191877,0.4,1882728,0.5,5309149,0.4,59799,5.0,73197,0.8,5176153,0.4
0400000US23,23,Maine,,31-33,Manufacturing,,2015,861549,0.4,8198192,0.5,6986616,0.5,365903,1.6,384665,0.5,274503,0.7,186505,0.8,3491055,0.5,3656758,0.0,1064803,0.0,1997489,0.7,849324,1.6,521680,0.9,626484,0.7,2073520,1.8,842891,2.3,588392,0.9,642237,3.3,534649,1.8,102149,1.1,432500,2.0,13636,29.0,8577,5.7,410287,1.4
0400000US23,23,Maine,,31-33,Manufacturing,,2014,820748,0.4,8276416,0.4,7098921,0.4,287017,2.1,421148,0.4,276568,0.3,192761,0.9,3340405,0.2,3469065,0.0,1029564,0.0,1812191,0.4,762185,0.5,418904,0.8,631102,0.6,1961942,1.7,828363,2.0,495416,0.9,638162,3.4,448702,2.7,74778,1.6,373924,3.0,8820,4.5,9281,2.6,355823,3.1
0400000US24,24,Maryland,,31-33,Manufacturing,,2015,1750496,1.2,18382542,0.9,16354816,0.9,1239832,4.3,199852,3.4,328158,1.0,259884,5.0,3954472,1.0,,,,,4080422,0.7,1618835,1.4,1070731,0.7,1390856,0.9,4349682,0.9,1732609,2.0,1126363,0.7,1490709,0.8,1314916,1.6,237536,3.0,1077380,1.5,35202,5.7,30952,2.3,1011226,1.5
0400000US24,24,Maryland,,31-33,Manufacturing,,2014,1615525,0.8,18128840,0.9,16149422,0.8,1167336,4.2,211531,3.1,328833,0.8,271719,4.5,3854886,0.8,26623,0.0,,,4194917,0.5,1526843,1.0,1270667,0.4,1397407,0.7,4161857,0.7,1649011,1.4,1097537,0.6,1415309,0.6,1220354,3.1,283579,5.3,936775,3.5,27607,8.1,36547,2.5,872622,3.7
0400000US25,25,Massachusetts,,31-33,Manufacturing,,2015,4506561,0.7,38312503,1.2,32766335,1.1,3106536,15.0,388694,1.1,883846,1.1,1167092,3.3,7238228,1.1,77357,0.8,5709,30.4,11341309,4.0,3833164,2.2,3513522,12.8,3994623,1.9,11707112,3.4,4071651,2.0,3610997,11.4,4024465,1.5,2516734,1.9,500818,1.8,2015917,2.2,119098,1.5,102351,2.2,1794468,2.4
0400000US25,25,Massachusetts,,31-33,Manufacturing,,2014,4399550,0.7,38626048,1.0,32919817,0.9,3150817,14.3,404578,1.0,1003755,0.7,1147081,2.8,8858448,0.7,75081,0.6,12695,18.1,10805271,1.0,3886281,1.4,3013513,1.1,3905477,1.1,11428460,3.9,3840565,2.0,3529870,12.7,4058025,1.5,2434187,2.4,552742,4.1,1881445,2.5,59921,5.7,111875,4.0,1709649,2.6
0400000US26,26,Michigan,,31-33,Manufacturing,,2015,9837633,0.4,162168972,0.3,151800608,0.2,4072938,8.3,1013498,0.5,2165893,0.5,3116036,1.3,28991100,0.4,1375106,0.1,75995,0.0,20108738,0.5,5995968,1.0,6367295,0.8,7745475,0.7,21687794,0.6,6135966,1.1,7296328,1.1,8255500,0.7,8128018,1.6,1241640,5.0,6886378,1.2,160310,2.7,186516,1.7,6539552,1.2
0400000US26,26,Michigan,,31-33,Manufacturing,,2014,9077576,0.3,158576432,0.3,148368675,0.2,3756540,7.0,1192257,0.5,2279878,0.4,2979082,1.3,29057060,0.3,1455337,0.1,141688,0.0,19574245,0.4,5990029,0.9,5885979,0.5,7698237,0.6,20444444,0.5,6180897,1.0,6427363,0.7,7836184,0.6,8615985,1.6,1090970,3.2,7525015,1.5,171075,2.2,394366,0.7,6959574,1.6
0400000US27,27,Minnesota,,31-33,Manufacturing,,2015,4515490,0.8,64296572,0.7,57651436,0.7,3666671,4.8,577141,0.8,1088164,0.6,1313159,2.7,14462222,0.6,845007,0.3,,,11483556,0.8,4392201,1.4,2163194,0.7,4928162,0.8,11647729,0.7,4446842,1.1,2228925,0.8,4971962,0.9,3412945,1.1,974449,1.1,2438496,1.4,95961,2.8,158613,1.9,2183922,1.5
0400000US27,27,Minnesota,,31-33,Manufacturing,,2014,4360866,0.5,71711420,0.3,63903150,0.3,4673474,1.2,766981,0.6,1100558,0.6,1267257,2.8,14959255,0.5,767671,0.3,,,11193066,0.4,4327302,0.5,2100433,0.6,4765331,0.7,11562837,0.5,4404828,0.6,2156299,0.8,5001710,0.8,3729366,1.8,1070465,1.6,2658901,2.3,101948,3.3,160711,1.8,2396242,2.5
0400000US28,28,Mississippi,,31-33,Manufacturing,,2015,1964483,0.4,36536748,0.3,33921175,0.3,969885,1.5,701616,0.5,721850,0.3,222222,1.7,10403173,0.2,3027073,0.0,,,5745732,0.7,1901420,0.9,1497370,0.7,2346942,1.1,5345046,1.0,1810634,1.1,1219426,0.9,2314986,1.3,1483090,0.8,179257,1.7,1303833,0.8,30766,12.3,40110,1.5,1232957,0.7
0400000US28,28,Mississippi,,31-33,Manufacturing,,2014,1898390,0.8,43526080,0.2,40423552,0.2,1056068,0.8,1063411,0.4,779159,0.3,203890,1.9,10616066,0.2,3364226,0.0,,,5442957,0.5,1807690,0.7,1287678,0.7,2347588,0.8,5745177,0.7,1894881,0.9,1493419,0.5,2356877,1.0,1495551,1.4,175674,0.6,1319878,1.6,34926,13.3,23123,1.9,1261829,1.6
0400000US29,29,Missouri,,31-33,Manufacturing,,2015,4215128,0.8,69106266,0.5,64155682,0.5,2295031,1.9,473202,3.3,1081976,0.9,1100375,4.5,16978536,0.6,69,23.4,38548,0.6,12279399,2.1,3585214,2.7,4460754,2.1,4233431,7.3,13870553,1.2,3553705,3.9,5988618,0.4,4328230,1.3,2721047,1.1,536983,3.4,2184064,1.0,71068,5.3,62175,1.8,2050821,0.9
0400000US29,29,Missouri,,31-33,Manufacturing,,2014,3817288,0.3,66156195,0.5,61303601,0.5,2255585,2.0,523960,1.4,1083470,1.2,989578,4.0,17291773,0.8,64,22.8,40001,1.2,11175299,1.8,3541692,2.5,3733114,0.8,3900493,7.8,12289480,0.8,3532905,2.3,4466837,1.8,4289737,1.2,3201915,2.8,497038,2.3,2704877,3.2,69458,11.6,60681,3.8,2574738,3.3
0400000US30,30,Montana,,31-33,Manufacturing,,2015,248449,0.7,6379159,0.4,5856985,0.4,173869,8.9,116459,0.7,126624,0.4,105223,0.4,2974746,0.4,,,,,1026370,0.8,438792,1.6,204320,0.3,383258,0.6,1148578,0.7,513426,1.4,189171,0.3,445982,0.5,463466,0.7,38793,0.7,424672,0.8,11738,12.4,4405,7.6,408529,0.5
0400000US30,30,Montana,,31-33,Manufacturing,,2014,231097,0.6,8273622,0.2,7756629,0.2,150556,5.5,126102,0.3,131152,0.2,109183,0.7,2790065,0.3,,,,,1152956,0.6,485101,1.3,274997,0.1,392859,0.6,1032740,0.5,437970,1.1,205464,0.2,389306,0.6,247491,3.6,30999,6.1,216492,3.4,13989,21.7,4600,5.7,197904,2.2
0400000US31,31,Nebraska,,31-33,Manufacturing,,2015,1276909,0.7,37377426,0.3,34203463,0.3,2210756,1.2,301788,0.7,413009,1.1,248409,2.3,6692623,1.4,,,,,3876141,0.5,1676207,0.8,737730,1.3,1462204,1.0,3794840,0.5,1646666,0.7,732797,1.4,1415377,0.9,1162984,1.3,202183,4.1,960800,1.2,28667,8.3,27079,2.1,905054,1.1
0400000US31,31,Nebraska,,31-33,Manufacturing,,2014,1240471,0.7,40482172,0.4,37081075,0.4,2286869,1.0,401282,0.5,442942,1.3,270003,2.0,6993671,1.5,,,,,3792643,0.5,1602843,0.8,721841,0.8,1467959,0.5,3938888,0.6,1690940,0.9,726183,1.5,1521765,0.9,1173540,1.6,238280,4.2,935260,1.5,25428,8.4,26790,2.7,883042,1.5
0400000US32,32,Nevada,,31-33,Manufacturing,,2015,595021,2.5,7966370,1.5,6958107,1.6,421455,7.7,91786,2.1,156391,0.9,338631,6.2,2415202,0.8,5131,0.0,,,1681632,1.3,,,,,741463,2.5,1700208,1.9,,,,,758361,2.2,447334,1.8,97755,3.1,349579,1.7,22731,4.5,15402,2.7,311445,1.6
0400000US32,32,Nevada,,31-33,Manufacturing,,2014,577409,0.9,7910733,1.0,6924758,1.3,398954,6.3,97527,2.2,166032,0.8,323463,3.5,2409560,0.7,,,0,,1698401,0.7,,,,,754239,2.3,1700495,0.8,,,,,745510,2.2,401712,3.3,71259,1.4,330454,4.0,18192,7.9,14055,7.9,298207,4.1
0400000US33,33,New Hampshire,,31-33,Manufacturing,,2015,1186779,0.8,9413844,0.6,8085274,0.6,715042,2.3,101618,1.6,204707,0.8,307203,3.3,1780774,0.8,55079,0.4,,,2686443,1.0,849701,2.9,932591,1.0,904151,1.1,2932116,1.0,802822,2.8,1113302,0.7,1015993,1.1,563392,1.9,100866,5.2,462526,1.6,9917,3.5,22375,2.2,430233,1.6
0400000US33,33,New Hampshire,,31-33,Manufacturing,,2014,1104095,0.5,9187130,0.6,7852424,0.6,743793,2.0,99021,1.3,198520,1.1,293373,3.5,1836305,1.0,50587,0.4,,,3000420,0.5,812129,1.1,1300358,0.5,887932,0.9,2690635,1.1,844337,2.7,938413,0.6,907884,1.0,542055,1.5,102473,3.7,439582,1.6,10964,4.0,15058,4.1,413560,1.5
0400000US34,34,New Jersey,,31-33,Manufacturing,,2015,3991604,0.6,48909023,1.2,42678171,1.1,3545391,9.9,474773,0.9,850042,0.9,1360644,1.6,8386364,0.9,319720,0.8,45091,2.3,12227625,1.6,5717248,2.1,2234077,1.6,4276301,3.1,12148932,1.4,5923137,1.4,2086152,1.8,4139643,3.0,2479097,2.9,454436,10.1,2024659,2.5,99229,3.4,75126,3.2,1850305,2.7
0400000US34,34,New Jersey,,31-33,Manufacturing,,2014,3781929,0.6,56381925,1.0,49834682,0.8,3796535,9.3,526215,0.6,865109,0.7,1359383,1.6,8102029,0.7,217759,1.0,,,11912681,1.4,5476620,2.3,1978725,1.1,4457335,2.6,11922629,1.4,5596576,1.2,2140068,1.7,4185985,3.1,2283437,2.0,512253,3.5,1771184,2.2,63498,2.9,87973,16.1,1619714,2.2
0400000US35,35,New Mexico,,31-33,Manufacturing,,2015,361281,0.9,7909381,0.4,7143512,0.4,441529,2.2,103537,1.6,138977,0.8,81826,3.6,2066554,1.4,,,0,,1450652,1.6,619419,3.4,396730,1.0,434503,1.3,1345315,1.7,567313,3.6,372433,0.8,405569,1.1,575595,1.2,35789,1.9,539806,1.2,8129,6.8,9628,1.1,522048,1.2
0400000US35,35,New Mexico,,31-33,Manufacturing,,2014,358609,0.7,12226905,0.2,11249528,0.2,645935,1.4,112188,0.6,142996,0.4,76258,3.4,2179602,0.7,,,0,,1670319,0.5,733872,1.1,495305,0.3,441142,0.8,1453473,1.6,618219,3.4,400491,1.0,434763,1.2,580680,2.0,189812,1.2,390868,2.8,9150,7.0,5637,2.3,376081,2.8
0400000US36,36,New York,,31-33,Manufacturing,,2015,6497327,0.5,72431402,0.5,61913572,0.5,5827574,1.6,769575,0.9,1357332,0.6,2563349,1.5,20592455,0.5,759151,1.5,,,18829880,0.5,6513577,0.8,5064288,1.4,7252015,0.5,19213610,0.4,6936965,0.8,4764165,1.2,7512479,0.4,9006504,0.6,2257983,0.5,6748522,0.6,187524,1.8,328386,0.7,6232610,0.7
0400000US36,36,New York,,31-33,Manufacturing,,2014,6307323,0.4,73535611,0.4,63300896,0.4,5506407,1.5,877948,0.8,1402685,0.7,2447675,1.3,20200711,0.6,769629,1.5,66129,0.0,18306779,0.5,6117548,0.8,5111393,1.2,7077838,0.4,18832144,0.4,6563151,0.7,5084640,1.3,7184354,0.4,8689368,0.5,2189090,0.7,6500278,0.5,170726,1.5,301591,0.9,6027961,0.6
0400000US37,37,North Carolina,,31-33,Manufacturing,,2015,6097107,0.5,106726437,0.5,94048565,0.6,9160067,0.7,750938,1.3,1710444,0.8,1056423,2.8,26080611,0.8,2068649,0.1,379344,0.0,19806668,0.7,6921263,1.0,4536577,0.4,8348827,1.0,20576310,0.5,7620911,0.7,4198540,0.8,8756859,0.7,4991340,1.0,728192,3.2,4263149,0.9,127073,5.0,148075,1.9,3988000,0.9
0400000US37,37,North Carolina,,31-33,Manufacturing,,2014,5778091,0.4,107958540,0.4,95242660,0.4,9228183,0.6,805666,0.9,1684624,0.6,997406,2.9,26075138,0.5,2130125,0.1,414071,0.0,19585570,0.6,7069705,0.9,4845594,0.4,7670271,0.9,19925638,0.5,6943790,0.6,4625854,0.6,8355994,0.8,5073339,3.3,714427,5.0,4358912,3.2,100789,8.5,157192,4.6,4100931,3.1
0400000US38,38,North Dakota,,31-33,Manufacturing,,2015,356561,3.7,8648239,1.8,7835492,1.9,538594,0.8,98754,5.0,104892,0.9,70507,4.2,1543371,1.2,531588,0.0,0,,1542142,1.1,644190,2.4,237933,0.9,660019,0.6,1380662,2.0,572305,3.4,171095,1.8,637263,1.7,409988,1.2,47658,1.1,362330,1.3,8005,2.4,5365,12.1,348960,1.2
0400000US38,38,North Dakota,,31-33,Manufacturing,,2014,342569,2.9,10834686,0.6,9464947,0.7,1073130,0.5,124909,1.5,103946,0.6,67754,2.2,1563383,0.9,545168,0.0,,,1587144,0.5,722196,1.0,251065,0.4,613883,0.5,1589685,1.7,682783,2.8,245677,2.8,661225,0.5,361016,2.8,49938,2.6,311078,3.0,13295,10.6,5410,10.4,292374,3.0
0400000US39,39,Ohio,,31-33,Manufacturing,,2015,11124564,0.7,194065634,0.4,177095262,0.4,9273079,1.3,1431090,0.5,3099404,1.7,3166801,1.2,45775029,1.6,1096076,5.1,313250,0.2,32917012,0.7,11980708,0.8,7468662,1.1,13467643,1.0,31519624,0.6,11529810,0.8,6892975,0.5,13096840,0.9,9832642,1.4,1286905,4.1,8545737,1.2,236365,5.5,217048,2.7,8092324,1.2
0400000US39,39,Ohio,,31-33,Manufacturing,,2014,10696636,0.4,205898803,0.2,188478347,0.2,9290232,1.2,1787561,0.5,3087981,1.2,3254682,0.8,47070631,1.1,1137402,5.7,334335,0.2,31231315,0.6,11763333,0.8,6890596,1.1,12577386,0.7,33232908,0.5,12179550,0.7,7546628,0.8,13506730,0.7,9654060,2.9,1238703,2.3,8415358,3.3,208847,2.3,249118,5.9,7957393,3.4
0400000US40,40,Oklahoma,,31-33,Manufacturing,,2015,2006533,0.9,38319197,0.6,33467815,0.6,3227556,1.2,360866,1.6,510993,1.1,751967,2.6,9569483,0.8,,,6932,0.0,6862403,1.1,2607190,1.4,1403463,2.1,2851750,1.4,6607579,1.3,2512778,1.3,1361883,2.3,2732919,1.6,2399224,2.4,273051,8.1,2126173,2.2,54486,8.7,40504,2.5,2031182,2.2
0400000US40,40,Oklahoma,,31-33,Manufacturing,,2014,1987767,0.7,51243748,0.2,44333414,0.2,5155132,0.6,428568,0.5,521619,0.6,805015,1.4,9522093,0.4,964255,0.0,6296,0.0,7317878,0.9,2879382,1.7,1611026,1.6,2827471,0.9,6904106,0.7,2625847,1.3,1396364,1.4,2881895,1.1,2139810,1.8,311374,2.7,1828437,2.0,48906,7.5,40445,2.3,1739086,2.0
0400000US41,41,Oregon,,31-33,Manufacturing,,2015,3135556,0.4,30933144,0.8,27572977,0.8,1171993,6.0,284167,2.8,1402557,0.3,501450,4.0,27532306,0.4,255748,0.1,50510,1.2,6818541,1.1,2460048,2.2,1721974,1.6,2636519,0.9,7108014,0.8,2487675,1.9,1755577,3.0,2864761,0.7,1678736,1.9,192293,6.0,1486443,1.9,44605,4.1,56500,3.2,1385338,1.9
0400000US41,41,Oregon,,31-33,Manufacturing,,2014,3146979,0.4,30034116,0.5,26476929,0.4,1324042,5.1,363130,2.1,1311263,0.4,558752,2.8,25206113,0.4,310738,0.1,44891,1.8,6502848,1.1,2348977,2.4,1511159,2.6,2642713,0.9,6821983,0.7,2448224,1.8,1717324,2.4,2656435,0.6,1762789,7.5,292912,9.6,1469877,8.7,40379,7.2,105708,47.8,1323790,6.0
0400000US42,42,Pennsylvania,,31-33,Manufacturing,,2015,9417545,0.5,116272893,0.6,103460595,0.7,7131361,0.9,1308014,1.0,2063469,0.6,2309454,1.1,30398037,0.5,1786111,0.3,261557,0.1,29018422,0.5,9800098,0.8,9243102,0.5,9975222,0.7,28782072,0.8,11060683,0.9,7698305,0.6,10023084,1.2,9211409,0.7,4487742,0.3,4723667,1.2,274880,2.3,234200,1.6,4214587,1.3
0400000US42,42,Pennsylvania,,31-33,Manufacturing,,2014,8936729,0.4,124913524,0.4,111562089,0.5,7403773,0.8,1507652,0.7,2193708,0.6,2246303,1.0,31889954,0.6,1806870,0.4,270413,0.1,27828317,0.4,9591138,0.8,8680106,0.4,9557072,0.6,28994656,0.4,9769879,0.8,9253201,0.5,9971576,0.6,9772832,0.7,4937209,0.6,4835623,1.1,154484,2.8,223566,1.9,4457573,1.2
0400000US44,44,Rhode Island,,31-33,Manufacturing,,2015,678390,0.7,5935968,1.6,5193675,1.1,465155,21.0,59196,2.4,101900,1.6,116042,22.0,769930,1.6,,,10,95.0,1645929,0.9,468240,2.5,563191,0.5,614498,1.2,1618367,1.7,476050,3.1,528699,2.2,613618,2.4,330197,3.3,92232,7.7,237965,2.2,8868,16.6,13187,7.0,215909,2.1
0400000US44,44,Rhode Island,,31-33,Manufacturing,,2014,649898,0.5,5715147,0.8,5064680,0.8,396408,5.1,50650,1.6,101381,1.4,102028,25.3,862624,1.6,,,10,95.0,1687085,0.7,,,,,634650,0.6,1681878,0.9,,,,,625123,1.3,286946,1.9,80549,4.3,206397,1.7,7910,5.8,10338,7.5,188150,1.7
0400000US45,45,South Carolina,,31-33,Manufacturing,,2015,3715184,0.5,68171718,0.4,62813045,0.4,1915733,4.1,625070,0.6,1766659,0.4,1051211,1.4,31457688,0.4,,,342124,0.0,13360727,0.5,4471955,1.3,3695857,0.4,5192915,0.5,13626318,0.4,4804725,0.9,3670148,0.4,5151444,0.6,3462408,1.0,521908,3.9,2940500,0.9,64543,15.8,60843,2.6,2815115,0.9
0400000US45,45,South Carolina,,31-33,Manufacturing,,2014,3478162,0.4,69620577,0.3,64110024,0.3,2087105,3.1,718249,0.4,1725167,0.3,980032,1.4,28692437,0.3,,,378157,0.0,12367143,0.5,4315598,0.8,3174329,0.3,4877216,0.5,13012123,0.4,4400294,0.6,3491445,0.3,5120383,0.5,4402744,0.7,949914,0.9,3452830,0.8,52015,19.0,79076,1.4,3321740,0.7
0400000US46,46,South Dakota,,31-33,Manufacturing,,2015,548568,1.8,9636155,0.8,8635797,0.9,578579,4.2,163894,0.7,157229,1.6,100656,5.7,2271808,1.3,,,0,,1517803,1.1,535780,1.7,388630,1.9,593393,1.9,1562460,1.3,575808,1.9,358544,2.3,628107,2.0,444463,3.7,63945,9.6,380519,3.2,18899,3.9,27521,21.1,334099,2.9
0400000US46,46,South Dakota,,31-33,Manufacturing,,2014,526694,1.4,10401780,0.9,9277171,0.9,683966,4.5,216713,0.5,145564,1.5,78366,8.1,2142826,1.1,,,0,,1579283,1.3,544683,2.6,347242,1.7,687359,1.5,1554976,1.1,548119,1.2,389052,1.9,617805,1.8,530386,3.2,98068,7.8,432318,2.6,14964,6.6,13379,5.2,403976,2.6
0400000US47,47,Tennessee,,31-33,Manufacturing,,2015,4731986,0.5,81204357,0.3,74406488,0.3,3601073,2.4,774613,0.8,1473973,0.6,948210,1.2,22268717,0.4,2406695,0.1,678366,0.1,13628245,0.5,5498685,0.6,1900153,1.0,6229408,0.7,13387482,0.5,5688664,0.7,1959847,0.7,5738971,0.7,4703320,1.1,699700,2.6,4003620,1.0,89280,13.1,117950,2.2,3796391,0.9
0400000US47,47,Tennessee,,31-33,Manufacturing,,2014,4625167,0.4,84415790,0.3,77495414,0.3,3479524,2.5,865871,0.6,1526943,0.5,1048037,1.6,23411982,0.4,2342974,0.1,643933,0.2,13345719,0.5,5668279,0.6,1942782,0.8,5734658,0.6,13618491,0.4,5518987,0.5,1887313,0.7,6212190,0.7,4548853,1.1,789735,2.0,3759118,1.1,79599,12.9,95311,3.0,3584208,1.1
0400000US48,48,Texas,,31-33,Manufacturing,,2015,12965959,0.3,343403242,0.2,317725419,0.2,11922696,1.3,5419944,0.8,4395470,0.4,3939713,1.4,82597538,0.3,31559543,0.1,12402020,0.1,59858348,0.3,20788129,0.6,20006390,0.2,19063829,0.4,54954888,0.3,18734888,0.8,18351233,0.2,17868766,0.4,18872165,0.5,2660037,1.1,16212128,0.5,304960,4.9,336302,1.2,15570866,0.5
0400000US48,48,Texas,,31-33,Manufacturing,,2014,12473510,0.4,480374218,0.1,446043208,0.1,17889104,0.7,7352144,0.1,4747432,0.3,4342330,1.2,86572926,0.3,31414242,0.1,12071430,0.0,61588263,0.2,22664274,0.4,20169371,0.2,18754618,0.3,60182348,0.2,20908167,0.5,20051496,0.2,19222684,0.4,18580966,0.7,2458661,2.7,16122305,0.5,299570,4.9,305418,2.9,15517317,0.5
0400000US49,49,Utah,,31-33,Manufacturing,,2015,1769073,0.7,25918028,0.6,23195707,0.6,1638428,2.2,220948,0.6,410721,0.7,452224,2.9,6505770,0.6,,,,,5605212,0.7,,,,,2348747,0.9,5464404,0.7,,,,,2202155,0.7,2062043,0.8,371064,0.4,1690978,0.9,32926,4.0,80067,2.0,1577985,1.0
0400000US49,49,Utah,,31-33,Manufacturing,,2014,1677080,0.5,29317504,0.4,26634364,0.4,1572430,1.6,279095,0.6,393203,0.9,438412,4.9,6566859,1.1,,,,,5392575,0.8,1999851,1.3,1273120,1.2,2119604,0.8,5542580,0.6,1996567,0.9,1235769,1.1,2310244,0.8,1856155,0.9,277260,1.0,1578895,0.9,22167,6.3,66245,2.9,1490482,0.9
0400000US50,50,Vermont,,31-33,Manufacturing,,2015,497525,1.1,4387694,1.1,3687811,1.2,178463,15.2,51561,1.5,114197,1.5,355661,0.9,1044544,1.6,371,2.7,0,,1338439,0.8,592525,0.8,333975,1.7,411939,0.8,1261731,1.4,588597,1.5,280746,4.4,392388,0.8,309493,4.2,52007,2.2,257486,4.7,7159,7.7,9611,4.3,240716,4.8
0400000US50,50,Vermont,,31-33,Manufacturing,,2014,501892,0.9,5043037,1.2,4177145,1.4,159682,1.4,58616,1.6,133199,1.2,514396,0.5,1325795,1.5,1988,28.2,801,0.0,1383238,0.5,623980,0.5,358464,1.0,400793,0.6,1311524,1.2,578720,1.5,324987,2.5,407816,0.7,300663,7.0,35815,3.4,264847,7.8,10267,14.6,32645,57.4,221935,3.2
0400000US51,51,Virginia,,31-33,Manufacturing,,2015,4263967,0.6,44189484,0.8,39498256,0.8,1755339,5.4,540823,0.8,1013040,0.9,1382026,3.3,15175410,0.8,1754751,2.9,,,10393371,0.8,3387154,1.7,2280515,1.6,4725702,0.9,10595546,0.9,3654622,2.0,2113741,1.8,4827184,0.9,2569173,1.7,497033,3.7,2072140,1.4,53247,3.7,89392,3.3,1929501,1.4
0400000US51,51,Virginia,,31-33,Manufacturing,,2014,4159141,0.6,44554014,0.5,39664088,0.5,1895391,4.1,590546,0.7,1004572,0.9,1399416,4.2,14627516,0.7,1663910,3.1,,,10086730,0.5,3492063,1.3,2118091,0.7,4476575,0.8,10457611,0.7,3412818,1.6,2290902,1.6,4753891,0.9,2424783,1.3,388390,1.8,2036393,1.4,73757,5.5,116919,3.4,1845717,1.3
0400000US53,53,Washington,,31-33,Manufacturing,,2015,5674155,0.4,78783363,0.4,73232376,0.4,2539467,2.5,709771,0.7,1421809,0.5,879941,2.2,28805389,0.3,2267301,0.1,2127701,0.0,42903542,0.3,4640336,1.3,34252092,0.1,4011115,1.5,46747403,0.2,4764055,1.2,37625545,0.1,4357802,1.5,2526953,2.0,322185,4.9,2204768,2.1,57791,8.5,70256,7.4,2076721,2.1
0400000US53,53,Washington,,31-33,Manufacturing,,2014,5599399,0.3,82017315,0.3,76314366,0.3,2412095,2.7,986462,0.8,1411855,0.4,892537,2.4,28245409,0.3,2058983,0.3,1919717,0.0,38776994,0.2,5005359,0.9,30162258,0.1,3609377,0.9,42799905,0.2,4697463,1.1,34167181,0.1,3935261,1.0,2530451,3.5,339310,6.4,2191141,3.7,52434,4.7,86863,8.9,2051844,3.6
0400000US54,54,West Virginia,,31-33,Manufacturing,,2015,903789,3.1,13058752,0.8,10931082,1.0,1363291,0.4,222843,0.9,382449,0.3,159088,5.4,6936969,0.3,,,,,3382862,2.1,1326930,3.4,635932,1.2,1420000,2.2,3154776,1.7,1262708,3.0,701017,0.9,1191051,1.9,771536,3.0,94293,13.9,677243,1.5,13541,4.3,12255,2.7,651448,1.5
0400000US54,54,West Virginia,,31-33,Manufacturing,,2014,896391,3.2,14488872,0.7,12254959,0.9,1418541,0.3,275459,1.7,393070,0.4,146843,5.9,7536581,0.4,,,0,,3298586,2.4,1332190,4.5,657360,1.0,1309036,1.3,3360841,1.7,1321083,3.4,650484,0.8,1389274,1.1,849108,1.2,62212,0.4,786896,1.2,11549,4.6,16460,6.0,758887,1.2
0400000US55,55,Wisconsin,,31-33,Manufacturing,,2015,6999586,0.4,95353027,0.3,85968633,0.3,5195489,1.3,849899,0.7,1715726,0.4,1623279,2.2,22220898,0.4,2011934,0.1,44562,0.1,19224740,0.6,7978076,0.8,3678233,0.8,7568430,1.0,19416633,0.7,8046741,0.8,3746879,0.9,7623013,1.0,5085051,1.6,918997,3.6,4166053,1.4,106583,4.0,208035,2.6,3851436,1.5
0400000US55,55,Wisconsin,,31-33,Manufacturing,,2014,6826034,0.4,99132538,0.3,89657572,0.3,5065233,1.2,1017560,0.5,1715713,0.3,1676460,2.0,22139004,0.3,1968972,0.1,57111,0.2,18433385,0.5,7801140,0.8,3527347,0.8,7104898,0.9,19322143,0.6,8079800,0.7,3711651,0.8,7530692,0.9,5068642,1.5,917045,3.6,4151597,1.2,98788,2.2,203183,1.4,3849626,1.3
0400000US56,56,Wyoming,,31-33,Manufacturing,,2015,208109,0.7,4836524,0.3,4211423,0.3,174124,0.9,174573,0.3,150705,0.2,125698,1.0,2264843,0.2,,,,,723473,0.3,317642,0.3,185813,0.3,220018,0.9,670741,0.5,331205,0.2,116774,1.1,222762,1.0,553984,0.2,358671,0.1,195312,0.5,7621,1.7,2523,1.8,185168,0.5
0400000US56,56,Wyoming,,31-33,Manufacturing,,2014,195235,0.4,7278949,0.3,6654487,0.3,129104,1.6,214810,0.2,162347,0.2,118200,0.8,2769474,0.2,,,,,915722,0.3,369076,0.2,299071,0.3,247575,0.7,722957,0.5,317555,0.3,185281,0.6,220120,1.0,407958,0.2,188363,0.1,219595,0.4,6783,0.5,3013,1.4,209798,0.4
